--------------------------------------------------------
-- Archivo creado  - sábado-noviembre-12-2022   
--------------------------------------------------------
--------------------------------------------------------
--  DDL for Sequence SEQ_MODULAR_PROJECT_COMMENTS
--------------------------------------------------------

   CREATE SEQUENCE  "ADMIN"."SEQ_MODULAR_PROJECT_COMMENTS"  MINVALUE 1 MAXVALUE 9999999999999999999999999999 INCREMENT BY 1 START WITH 1 CACHE 10 NOORDER  NOCYCLE  NOKEEP  NOSCALE  GLOBAL ;
--------------------------------------------------------
--  DDL for Sequence SEQ_SOCIAL_SERVICE
--------------------------------------------------------

   CREATE SEQUENCE  "ADMIN"."SEQ_SOCIAL_SERVICE"  MINVALUE 1 MAXVALUE 99 INCREMENT BY 1 START WITH 1 CACHE 5 NOORDER  NOCYCLE  NOKEEP  NOSCALE  GLOBAL ;
--------------------------------------------------------
--  DDL for Sequence SEQ_SOCIAL_SERVICE_COMMENTS
--------------------------------------------------------

   CREATE SEQUENCE  "ADMIN"."SEQ_SOCIAL_SERVICE_COMMENTS"  MINVALUE 1 MAXVALUE 9999999999999999999999999999 INCREMENT BY 1 START WITH 1 CACHE 10 NOORDER  NOCYCLE  NOKEEP  NOSCALE  GLOBAL ;
--------------------------------------------------------
--  DDL for Sequence SEQ_SUBJECT_COMMENTS
--------------------------------------------------------

   CREATE SEQUENCE  "ADMIN"."SEQ_SUBJECT_COMMENTS"  MINVALUE 1 MAXVALUE 9999999999999999999999999999 INCREMENT BY 1 START WITH 1 CACHE 10 NOORDER  NOCYCLE  NOKEEP  NOSCALE  GLOBAL ;
--------------------------------------------------------
--  DDL for Table ADMIN
--------------------------------------------------------

  CREATE TABLE "ADMIN"."ADMIN" 
   (	"ADMIN_CODE" VARCHAR2(32 BYTE) COLLATE "USING_NLS_COMP", 
	"ADMIN_NAME" VARCHAR2(96 BYTE) COLLATE "USING_NLS_COMP", 
	"ADMIN_PASSWORD" VARCHAR2(64 BYTE) COLLATE "USING_NLS_COMP", 
	"ADMIN_STATUS" NUMBER(1,0) DEFAULT 1, 
	"CREATION_DATE" DATE
   )  DEFAULT COLLATION "USING_NLS_COMP" SEGMENT CREATION IMMEDIATE 
  PCTFREE 10 PCTUSED 40 INITRANS 10 MAXTRANS 255 
 NOCOMPRESS LOGGING
  STORAGE(INITIAL 65536 NEXT 1048576 MINEXTENTS 1 MAXEXTENTS 2147483645
  PCTINCREASE 0 FREELISTS 1 FREELIST GROUPS 1
  BUFFER_POOL DEFAULT FLASH_CACHE DEFAULT CELL_FLASH_CACHE DEFAULT)
  TABLESPACE "DATA" ;
--------------------------------------------------------
--  DDL for Table DEGREE
--------------------------------------------------------

  CREATE TABLE "ADMIN"."DEGREE" 
   (	"DEGREE_CODE" VARCHAR2(4 BYTE) COLLATE "USING_NLS_COMP", 
	"DEGREE_NAME" VARCHAR2(60 BYTE) COLLATE "USING_NLS_COMP", 
	"DEGREE_DESCRIPTION" VARCHAR2(900 BYTE) COLLATE "USING_NLS_COMP", 
	"NO_SUBJECTS" NUMBER(*,0), 
	"NO_SEMESTERS" NUMBER(*,0), 
	"LAST_UPDATE_DATE" DATE
   )  DEFAULT COLLATION "USING_NLS_COMP" SEGMENT CREATION IMMEDIATE 
  PCTFREE 10 PCTUSED 40 INITRANS 10 MAXTRANS 255 
 NOCOMPRESS LOGGING
  STORAGE(INITIAL 65536 NEXT 1048576 MINEXTENTS 1 MAXEXTENTS 2147483645
  PCTINCREASE 0 FREELISTS 1 FREELIST GROUPS 1
  BUFFER_POOL DEFAULT FLASH_CACHE DEFAULT CELL_FLASH_CACHE DEFAULT)
  TABLESPACE "DATA" ;
--------------------------------------------------------
--  DDL for Table MODULAR_PROJECT
--------------------------------------------------------

  CREATE TABLE "ADMIN"."MODULAR_PROJECT" 
   (	"MODULAR_PROJECT_CODE" VARCHAR2(7 BYTE) COLLATE "USING_NLS_COMP", 
	"DEGREE_CODE" VARCHAR2(4 BYTE) COLLATE "USING_NLS_COMP", 
	"MODULAR_PROJECT_DESCRIPTION" VARCHAR2(1500 BYTE) COLLATE "USING_NLS_COMP", 
	"LAST_UPDATE_DATE" DATE
   )  DEFAULT COLLATION "USING_NLS_COMP" SEGMENT CREATION IMMEDIATE 
  PCTFREE 10 PCTUSED 40 INITRANS 10 MAXTRANS 255 
 NOCOMPRESS LOGGING
  STORAGE(INITIAL 65536 NEXT 1048576 MINEXTENTS 1 MAXEXTENTS 2147483645
  PCTINCREASE 0 FREELISTS 1 FREELIST GROUPS 1
  BUFFER_POOL DEFAULT FLASH_CACHE DEFAULT CELL_FLASH_CACHE DEFAULT)
  TABLESPACE "DATA" ;
--------------------------------------------------------
--  DDL for Table MODULAR_PROJECT_COMMENTS
--------------------------------------------------------

  CREATE TABLE "ADMIN"."MODULAR_PROJECT_COMMENTS" 
   (	"COMMENTARY_ID" NUMBER(*,0), 
	"STUDENT_CODE" VARCHAR2(9 BYTE) COLLATE "USING_NLS_COMP", 
	"MODULAR_PROJECT_CODE" VARCHAR2(7 BYTE) COLLATE "USING_NLS_COMP", 
	"COMMENTARY" VARCHAR2(400 BYTE) COLLATE "USING_NLS_COMP", 
	"PUBLICATION_DATE" DATE
   )  DEFAULT COLLATION "USING_NLS_COMP" SEGMENT CREATION DEFERRED 
  PCTFREE 10 PCTUSED 40 INITRANS 10 MAXTRANS 255 
 NOCOMPRESS LOGGING
  TABLESPACE "DATA" ;
--------------------------------------------------------
--  DDL for Table SOCIAL_SERVICE
--------------------------------------------------------

  CREATE TABLE "ADMIN"."SOCIAL_SERVICE" 
   (	"SOCIAL_SERVICE_CODE" NUMBER(*,0), 
	"SOCIAL_SERVICE_NAME" VARCHAR2(20 BYTE) COLLATE "USING_NLS_COMP", 
	"SOCIAL_SERVICE_DESCRIPTION" VARCHAR2(1500 BYTE) COLLATE "USING_NLS_COMP", 
	"LAST_UPDATE_DATE" DATE
   )  DEFAULT COLLATION "USING_NLS_COMP" SEGMENT CREATION DEFERRED 
  PCTFREE 10 PCTUSED 40 INITRANS 10 MAXTRANS 255 
 NOCOMPRESS LOGGING
  TABLESPACE "DATA" ;
--------------------------------------------------------
--  DDL for Table SOCIAL_SERVICE_COMMENTS
--------------------------------------------------------

  CREATE TABLE "ADMIN"."SOCIAL_SERVICE_COMMENTS" 
   (	"COMMENTARY_ID" NUMBER(*,0), 
	"STUDENT_CODE" VARCHAR2(9 BYTE) COLLATE "USING_NLS_COMP", 
	"COMMENTARY" VARCHAR2(400 BYTE) COLLATE "USING_NLS_COMP", 
	"PUBLICATION_DATE" DATE
   )  DEFAULT COLLATION "USING_NLS_COMP" SEGMENT CREATION DEFERRED 
  PCTFREE 10 PCTUSED 40 INITRANS 10 MAXTRANS 255 
 NOCOMPRESS LOGGING
  TABLESPACE "DATA" ;
--------------------------------------------------------
--  DDL for Table STUDENT
--------------------------------------------------------

  CREATE TABLE "ADMIN"."STUDENT" 
   (	"STUDENT_CODE" VARCHAR2(32 BYTE) COLLATE "USING_NLS_COMP", 
	"STUDENT_NAME" VARCHAR2(96 BYTE) COLLATE "USING_NLS_COMP", 
	"STUDENT_PASSWORD" VARCHAR2(64 BYTE) COLLATE "USING_NLS_COMP", 
	"DEGREE_CODE" VARCHAR2(4 BYTE) COLLATE "USING_NLS_COMP", 
	"CREATION_DATE" DATE
   )  DEFAULT COLLATION "USING_NLS_COMP" SEGMENT CREATION IMMEDIATE 
  PCTFREE 10 PCTUSED 40 INITRANS 10 MAXTRANS 255 
 NOCOMPRESS LOGGING
  STORAGE(INITIAL 65536 NEXT 1048576 MINEXTENTS 1 MAXEXTENTS 2147483645
  PCTINCREASE 0 FREELISTS 1 FREELIST GROUPS 1
  BUFFER_POOL DEFAULT FLASH_CACHE DEFAULT CELL_FLASH_CACHE DEFAULT)
  TABLESPACE "DATA" ;
--------------------------------------------------------
--  DDL for Table SUBJECT
--------------------------------------------------------

  CREATE TABLE "ADMIN"."SUBJECT" 
   (	"CVE" VARCHAR2(5 BYTE) COLLATE "USING_NLS_COMP", 
	"DEGREE_CODE" VARCHAR2(4 BYTE) COLLATE "USING_NLS_COMP", 
	"SUBJECT_NAME" VARCHAR2(100 BYTE) COLLATE "USING_NLS_COMP", 
	"SUBJECT_DESCRIPTION" VARCHAR2(600 BYTE) COLLATE "USING_NLS_COMP", 
	"SUBJECT_SEMESTER" NUMBER(*,0), 
	"SUBJECT_TYPE" VARCHAR2(20 BYTE) COLLATE "USING_NLS_COMP", 
	"SUBJECT_CREDITS" NUMBER(*,0), 
	"LAST_UPDATE_DATE" DATE
   )  DEFAULT COLLATION "USING_NLS_COMP" SEGMENT CREATION IMMEDIATE 
  PCTFREE 10 PCTUSED 40 INITRANS 10 MAXTRANS 255 
 NOCOMPRESS LOGGING
  STORAGE(INITIAL 65536 NEXT 1048576 MINEXTENTS 1 MAXEXTENTS 2147483645
  PCTINCREASE 0 FREELISTS 1 FREELIST GROUPS 1
  BUFFER_POOL DEFAULT FLASH_CACHE DEFAULT CELL_FLASH_CACHE DEFAULT)
  TABLESPACE "DATA" ;
--------------------------------------------------------
--  DDL for Table SUBJECT_COMMENTS
--------------------------------------------------------

  CREATE TABLE "ADMIN"."SUBJECT_COMMENTS" 
   (	"COMMENTARY_ID" NUMBER(*,0), 
	"CVE" VARCHAR2(5 BYTE) COLLATE "USING_NLS_COMP", 
	"STUDENT_CODE" VARCHAR2(9 BYTE) COLLATE "USING_NLS_COMP", 
	"COMMENTARY" VARCHAR2(400 BYTE) COLLATE "USING_NLS_COMP", 
	"GRADE" NUMBER(*,0), 
	"PUBLICATION_DATE" DATE
   )  DEFAULT COLLATION "USING_NLS_COMP" SEGMENT CREATION DEFERRED 
  PCTFREE 10 PCTUSED 40 INITRANS 10 MAXTRANS 255 
 NOCOMPRESS LOGGING
  TABLESPACE "DATA" ;
REM INSERTING into ADMIN.ADMIN
SET DEFINE OFF;
Insert into ADMIN.ADMIN (ADMIN_CODE,ADMIN_NAME,ADMIN_PASSWORD,ADMIN_STATUS,CREATION_DATE) values ('E8A3A0AB4ED6DEC0349480EC5C472C30','ED672C579C2AB474E363CA347BD894C80D387E9887491611A345CFDB3DA56EE5','9BACC94A09B8BA5FC7EBC43F83B755B7',1,to_date('01/11/22','DD/MM/RR'));
REM INSERTING into ADMIN.DEGREE
SET DEFINE OFF;
Insert into ADMIN.DEGREE (DEGREE_CODE,DEGREE_NAME,DEGREE_DESCRIPTION,NO_SUBJECTS,NO_SEMESTERS,LAST_UPDATE_DATE) values ('INNI','Ingenieria informatica','?',0,8,to_date('08/11/22','DD/MM/RR'));
Insert into ADMIN.DEGREE (DEGREE_CODE,DEGREE_NAME,DEGREE_DESCRIPTION,NO_SUBJECTS,NO_SEMESTERS,LAST_UPDATE_DATE) values ('INCO','Ingenieria en computacion','La Coordinacion de Ingenieria en Computacion pertenece a la Division de Tecnologias para la Integracion Ciber-humana y a su vez al Departamento de Ciencias Computacionales del Centro Universitario de Ciencias Exactas e Ingenierias de la Universidad de Guadalajara. El programa de Ingenieria en Computacion forma profesionales con conocimientos solidos en arquitectura y programacion de sistemas, sistemas concurrentes, distribuidos e inteligentes, con habilidades que le permitan poseer una actitud reflexiva, critica, creativa, emprendedora, innovadora y con capacidad de trabajar en grupos interdisciplinarios para la creacion, esquematizacion y desarrollo de aplicaciones en el area de tecnologias de la informacion que permita solucionar los desafios tecnologicos del entorno local, nacional e internacional.',48,8,to_date('08/11/22','DD/MM/RR'));
REM INSERTING into ADMIN.MODULAR_PROJECT
SET DEFINE OFF;
Insert into ADMIN.MODULAR_PROJECT (MODULAR_PROJECT_CODE,DEGREE_CODE,MODULAR_PROJECT_DESCRIPTION,LAST_UPDATE_DATE) values ('modinco','INCO','?',null);
Insert into ADMIN.MODULAR_PROJECT (MODULAR_PROJECT_CODE,DEGREE_CODE,MODULAR_PROJECT_DESCRIPTION,LAST_UPDATE_DATE) values ('modinni','INNI','?',null);
REM INSERTING into ADMIN.MODULAR_PROJECT_COMMENTS
SET DEFINE OFF;
REM INSERTING into ADMIN.SOCIAL_SERVICE
SET DEFINE OFF;
REM INSERTING into ADMIN.SOCIAL_SERVICE_COMMENTS
SET DEFINE OFF;
REM INSERTING into ADMIN.STUDENT
SET DEFINE OFF;
Insert into ADMIN.STUDENT (STUDENT_CODE,STUDENT_NAME,STUDENT_PASSWORD,DEGREE_CODE,CREATION_DATE) values ('A302D7B2E6BA66153BABB7F1B33F57AF','ED672C579C2AB474E363CA347BD894C80D387E9887491611A345CFDB3DA56EE5','DF4F8494D7BD71BF775137586D30EA72','INNI',null);
Insert into ADMIN.STUDENT (STUDENT_CODE,STUDENT_NAME,STUDENT_PASSWORD,DEGREE_CODE,CREATION_DATE) values ('4CB6F08762EAECD34F2A2BB973AC4F88','4DF4FEE72B0019864C17575C585BBB3140615C5A85409962B78366B900CC121F','DF4F8494D7BD71BF775137586D30EA72','INNI',null);
Insert into ADMIN.STUDENT (STUDENT_CODE,STUDENT_NAME,STUDENT_PASSWORD,DEGREE_CODE,CREATION_DATE) values ('1FEA1D67988BCBD62ED75429336E5566','3AB94E9478AAB372CA1D5979D0BB153469A26D50BED2F5FD2687A615DC8F3A66','DF4F8494D7BD71BF775137586D30EA72','INCO',null);
REM INSERTING into ADMIN.SUBJECT
SET DEFINE OFF;
Insert into ADMIN.SUBJECT (CVE,DEGREE_CODE,SUBJECT_NAME,SUBJECT_DESCRIPTION,SUBJECT_SEMESTER,SUBJECT_TYPE,SUBJECT_CREDITS,LAST_UPDATE_DATE) values ('I5892','INCO','Matematicas discretas','?',1,'Regular',8,null);
Insert into ADMIN.SUBJECT (CVE,DEGREE_CODE,SUBJECT_NAME,SUBJECT_DESCRIPTION,SUBJECT_SEMESTER,SUBJECT_TYPE,SUBJECT_CREDITS,LAST_UPDATE_DATE) values ('I5895','INCO','Metodos matematicos 2','?',2,'Regular',8,null);
Insert into ADMIN.SUBJECT (CVE,DEGREE_CODE,SUBJECT_NAME,SUBJECT_DESCRIPTION,SUBJECT_SEMESTER,SUBJECT_TYPE,SUBJECT_CREDITS,LAST_UPDATE_DATE) values ('I7023','INCO','Arquitectura de computadoras','?',2,'Regular',8,null);
Insert into ADMIN.SUBJECT (CVE,DEGREE_CODE,SUBJECT_NAME,SUBJECT_DESCRIPTION,SUBJECT_SEMESTER,SUBJECT_TYPE,SUBJECT_CREDITS,LAST_UPDATE_DATE) values ('I5915','INCO','Teoria de la computacion','?',5,'Regular',8,null);
Insert into ADMIN.SUBJECT (CVE,DEGREE_CODE,SUBJECT_NAME,SUBJECT_DESCRIPTION,SUBJECT_SEMESTER,SUBJECT_TYPE,SUBJECT_CREDITS,LAST_UPDATE_DATE) values ('I5899','INCO','Seminario de solucion de problemas de ingenieria de software 1','?',5,'Regular',5,null);
Insert into ADMIN.SUBJECT (CVE,DEGREE_CODE,SUBJECT_NAME,SUBJECT_DESCRIPTION,SUBJECT_SEMESTER,SUBJECT_TYPE,SUBJECT_CREDITS,LAST_UPDATE_DATE) values ('I7029','INCO','Sistemas operativos','?',6,'Regular',8,null);
Insert into ADMIN.SUBJECT (CVE,DEGREE_CODE,SUBJECT_NAME,SUBJECT_DESCRIPTION,SUBJECT_SEMESTER,SUBJECT_TYPE,SUBJECT_CREDITS,LAST_UPDATE_DATE) values ('I7034','INCO','Seminario de solucion de problemas de sistemas operativos de red','?',7,'Regular',5,null);
Insert into ADMIN.SUBJECT (CVE,DEGREE_CODE,SUBJECT_NAME,SUBJECT_DESCRIPTION,SUBJECT_SEMESTER,SUBJECT_TYPE,SUBJECT_CREDITS,LAST_UPDATE_DATE) values ('I5894','INCO','Seminario de solucion de problemas de metodos matematicos 1','?',1,'Regular',5,null);
Insert into ADMIN.SUBJECT (CVE,DEGREE_CODE,SUBJECT_NAME,SUBJECT_DESCRIPTION,SUBJECT_SEMESTER,SUBJECT_TYPE,SUBJECT_CREDITS,LAST_UPDATE_DATE) values ('I7022','INCO','Fundamentos filosoficos de la computacion','?',1,'Regular',8,null);
Insert into ADMIN.SUBJECT (CVE,DEGREE_CODE,SUBJECT_NAME,SUBJECT_DESCRIPTION,SUBJECT_SEMESTER,SUBJECT_TYPE,SUBJECT_CREDITS,LAST_UPDATE_DATE) values ('I5896','INCO','Seminario de solucion de problemas de metodos matematicos 2','?',2,'Regular',5,null);
Insert into ADMIN.SUBJECT (CVE,DEGREE_CODE,SUBJECT_NAME,SUBJECT_DESCRIPTION,SUBJECT_SEMESTER,SUBJECT_TYPE,SUBJECT_CREDITS,LAST_UPDATE_DATE) values ('I5897','INCO','Estadistica y procesos estocasticos','?',3,'Regular',8,null);
Insert into ADMIN.SUBJECT (CVE,DEGREE_CODE,SUBJECT_NAME,SUBJECT_DESCRIPTION,SUBJECT_SEMESTER,SUBJECT_TYPE,SUBJECT_CREDITS,LAST_UPDATE_DATE) values ('I5886','INCO','Estructura de datos 1','?',3,'Regular',8,null);
Insert into ADMIN.SUBJECT (CVE,DEGREE_CODE,SUBJECT_NAME,SUBJECT_DESCRIPTION,SUBJECT_SEMESTER,SUBJECT_TYPE,SUBJECT_CREDITS,LAST_UPDATE_DATE) values ('I7031','INCO','Redes de computadoras y protocolos de comunicacion','?',3,'Regular',8,null);
Insert into ADMIN.SUBJECT (CVE,DEGREE_CODE,SUBJECT_NAME,SUBJECT_DESCRIPTION,SUBJECT_SEMESTER,SUBJECT_TYPE,SUBJECT_CREDITS,LAST_UPDATE_DATE) values ('I7025','INCO','Traductores de lenguajes 1','?',5,'Regular',8,null);
Insert into ADMIN.SUBJECT (CVE,DEGREE_CODE,SUBJECT_NAME,SUBJECT_DESCRIPTION,SUBJECT_SEMESTER,SUBJECT_TYPE,SUBJECT_CREDITS,LAST_UPDATE_DATE) values ('I5898','INCO','Ingenieria de software 1','?',5,'Regular',8,null);
Insert into ADMIN.SUBJECT (CVE,DEGREE_CODE,SUBJECT_NAME,SUBJECT_DESCRIPTION,SUBJECT_SEMESTER,SUBJECT_TYPE,SUBJECT_CREDITS,LAST_UPDATE_DATE) values ('I7038','INCO','Inteligencia artificial 1','?',7,'Regular',8,null);
Insert into ADMIN.SUBJECT (CVE,DEGREE_CODE,SUBJECT_NAME,SUBJECT_DESCRIPTION,SUBJECT_SEMESTER,SUBJECT_TYPE,SUBJECT_CREDITS,LAST_UPDATE_DATE) values ('I7039','INCO','Seminario de solucion de problemas de inteligencia artificial 1','?',7,'Regular',5,null);
Insert into ADMIN.SUBJECT (CVE,DEGREE_CODE,SUBJECT_NAME,SUBJECT_DESCRIPTION,SUBJECT_SEMESTER,SUBJECT_TYPE,SUBJECT_CREDITS,LAST_UPDATE_DATE) values ('I5893','INCO','Metodos Matematicos 1','?',1,'Regular',8,null);
Insert into ADMIN.SUBJECT (CVE,DEGREE_CODE,SUBJECT_NAME,SUBJECT_DESCRIPTION,SUBJECT_SEMESTER,SUBJECT_TYPE,SUBJECT_CREDITS,LAST_UPDATE_DATE) values ('I7021','INCO','Seminario de solucion de problemas de metodos matematicos 3','?',3,'Regular',5,null);
Insert into ADMIN.SUBJECT (CVE,DEGREE_CODE,SUBJECT_NAME,SUBJECT_DESCRIPTION,SUBJECT_SEMESTER,SUBJECT_TYPE,SUBJECT_CREDITS,LAST_UPDATE_DATE) values ('I5887','INCO','Seminario de solucion de problemas de estructura de datos 1','?',3,'Regular',5,null);
Insert into ADMIN.SUBJECT (CVE,DEGREE_CODE,SUBJECT_NAME,SUBJECT_DESCRIPTION,SUBJECT_SEMESTER,SUBJECT_TYPE,SUBJECT_CREDITS,LAST_UPDATE_DATE) values ('I7032','INCO','Seminario de solucion de problemas de redes de computadoras y protocolos de comunicacion','?',3,'Regular',5,null);
Insert into ADMIN.SUBJECT (CVE,DEGREE_CODE,SUBJECT_NAME,SUBJECT_DESCRIPTION,SUBJECT_SEMESTER,SUBJECT_TYPE,SUBJECT_CREDITS,LAST_UPDATE_DATE) values ('I5890','INCO','Bases de datos','?',4,'Regular',8,null);
Insert into ADMIN.SUBJECT (CVE,DEGREE_CODE,SUBJECT_NAME,SUBJECT_DESCRIPTION,SUBJECT_SEMESTER,SUBJECT_TYPE,SUBJECT_CREDITS,LAST_UPDATE_DATE) values ('I5891','INCO','Seminario de solucion de bases de datos','?',4,'Regular',5,null);
Insert into ADMIN.SUBJECT (CVE,DEGREE_CODE,SUBJECT_NAME,SUBJECT_DESCRIPTION,SUBJECT_SEMESTER,SUBJECT_TYPE,SUBJECT_CREDITS,LAST_UPDATE_DATE) values ('I5888','INCO','Estructura de datos 2','?',4,'Regular',8,null);
Insert into ADMIN.SUBJECT (CVE,DEGREE_CODE,SUBJECT_NAME,SUBJECT_DESCRIPTION,SUBJECT_SEMESTER,SUBJECT_TYPE,SUBJECT_CREDITS,LAST_UPDATE_DATE) values ('I5889','INCO','Seminario de solucion de problemas de estructura de datos 2','?',4,'Regular',5,null);
Insert into ADMIN.SUBJECT (CVE,DEGREE_CODE,SUBJECT_NAME,SUBJECT_DESCRIPTION,SUBJECT_SEMESTER,SUBJECT_TYPE,SUBJECT_CREDITS,LAST_UPDATE_DATE) values ('I5884','INCO','Algoritmia','?',4,'Regular',8,null);
Insert into ADMIN.SUBJECT (CVE,DEGREE_CODE,SUBJECT_NAME,SUBJECT_DESCRIPTION,SUBJECT_SEMESTER,SUBJECT_TYPE,SUBJECT_CREDITS,LAST_UPDATE_DATE) values ('I7037','INCO','Seguridad','?',5,'Regular',8,null);
Insert into ADMIN.SUBJECT (CVE,DEGREE_CODE,SUBJECT_NAME,SUBJECT_DESCRIPTION,SUBJECT_SEMESTER,SUBJECT_TYPE,SUBJECT_CREDITS,LAST_UPDATE_DATE) values ('I7036','INCO','Computacion tolerante a fallas','?',6,'Regular',8,null);
Insert into ADMIN.SUBJECT (CVE,DEGREE_CODE,SUBJECT_NAME,SUBJECT_DESCRIPTION,SUBJECT_SEMESTER,SUBJECT_TYPE,SUBJECT_CREDITS,LAST_UPDATE_DATE) values ('I7040','INCO','Inteligencia artificial 2','?',8,'Regular',8,null);
Insert into ADMIN.SUBJECT (CVE,DEGREE_CODE,SUBJECT_NAME,SUBJECT_DESCRIPTION,SUBJECT_SEMESTER,SUBJECT_TYPE,SUBJECT_CREDITS,LAST_UPDATE_DATE) values ('I5893','INNI','Metodos Matematicos 1','?',1,'Regular',8,null);
Insert into ADMIN.SUBJECT (CVE,DEGREE_CODE,SUBJECT_NAME,SUBJECT_DESCRIPTION,SUBJECT_SEMESTER,SUBJECT_TYPE,SUBJECT_CREDITS,LAST_UPDATE_DATE) values ('I5882','INCO','Programacion','?',2,'Regular',8,null);
Insert into ADMIN.SUBJECT (CVE,DEGREE_CODE,SUBJECT_NAME,SUBJECT_DESCRIPTION,SUBJECT_SEMESTER,SUBJECT_TYPE,SUBJECT_CREDITS,LAST_UPDATE_DATE) values ('I5883','INCO','Seminario de solucion de problemas de programacion','?',2,'Regular',5,null);
Insert into ADMIN.SUBJECT (CVE,DEGREE_CODE,SUBJECT_NAME,SUBJECT_DESCRIPTION,SUBJECT_SEMESTER,SUBJECT_TYPE,SUBJECT_CREDITS,LAST_UPDATE_DATE) values ('I7024','INCO','Seminario de solucion de problemas de arquitectura de computadoras','?',2,'Regular',5,null);
Insert into ADMIN.SUBJECT (CVE,DEGREE_CODE,SUBJECT_NAME,SUBJECT_DESCRIPTION,SUBJECT_SEMESTER,SUBJECT_TYPE,SUBJECT_CREDITS,LAST_UPDATE_DATE) values ('I5885','INCO','Seminario de solucion de problemas de algoritmia','?',4,'Regular',5,null);
Insert into ADMIN.SUBJECT (CVE,DEGREE_CODE,SUBJECT_NAME,SUBJECT_DESCRIPTION,SUBJECT_SEMESTER,SUBJECT_TYPE,SUBJECT_CREDITS,LAST_UPDATE_DATE) values ('I7026','INCO','Seminario de solucion de problemas de traductores de lenguajes 1','?',5,'Regular',5,null);
Insert into ADMIN.SUBJECT (CVE,DEGREE_CODE,SUBJECT_NAME,SUBJECT_DESCRIPTION,SUBJECT_SEMESTER,SUBJECT_TYPE,SUBJECT_CREDITS,LAST_UPDATE_DATE) values ('I7027','INCO','Traductores de lenguajes 2','?',6,'Regular',8,null);
Insert into ADMIN.SUBJECT (CVE,DEGREE_CODE,SUBJECT_NAME,SUBJECT_DESCRIPTION,SUBJECT_SEMESTER,SUBJECT_TYPE,SUBJECT_CREDITS,LAST_UPDATE_DATE) values ('I7030','INCO','Seminario de solucion de problemas de sistemas operativos','?',6,'Regular',5,null);
Insert into ADMIN.SUBJECT (CVE,DEGREE_CODE,SUBJECT_NAME,SUBJECT_DESCRIPTION,SUBJECT_SEMESTER,SUBJECT_TYPE,SUBJECT_CREDITS,LAST_UPDATE_DATE) values ('I7042','INCO','Simulacion por computadora','?',7,'Regular',8,null);
Insert into ADMIN.SUBJECT (CVE,DEGREE_CODE,SUBJECT_NAME,SUBJECT_DESCRIPTION,SUBJECT_SEMESTER,SUBJECT_TYPE,SUBJECT_CREDITS,LAST_UPDATE_DATE) values ('I7041','INCO','Seminario de solucion de problemas de inteligencia artificial 2','?',8,'Regular',5,null);
Insert into ADMIN.SUBJECT (CVE,DEGREE_CODE,SUBJECT_NAME,SUBJECT_DESCRIPTION,SUBJECT_SEMESTER,SUBJECT_TYPE,SUBJECT_CREDITS,LAST_UPDATE_DATE) values ('I7035','INCO','Sistemas concurrentes y distribuidos','?',8,'Regular',8,null);
Insert into ADMIN.SUBJECT (CVE,DEGREE_CODE,SUBJECT_NAME,SUBJECT_DESCRIPTION,SUBJECT_SEMESTER,SUBJECT_TYPE,SUBJECT_CREDITS,LAST_UPDATE_DATE) values ('I5909','INCO','Programacion para internet','?',8,'Regular',8,null);
Insert into ADMIN.SUBJECT (CVE,DEGREE_CODE,SUBJECT_NAME,SUBJECT_DESCRIPTION,SUBJECT_SEMESTER,SUBJECT_TYPE,SUBJECT_CREDITS,LAST_UPDATE_DATE) values ('I6123','INCO','Especializante selectiva introduccion a la fisica','?',1,'Especializante',7,null);
Insert into ADMIN.SUBJECT (CVE,DEGREE_CODE,SUBJECT_NAME,SUBJECT_DESCRIPTION,SUBJECT_SEMESTER,SUBJECT_TYPE,SUBJECT_CREDITS,LAST_UPDATE_DATE) values ('I7020','INCO','Metodos matematicos 3','?',3,'Regular',8,null);
Insert into ADMIN.SUBJECT (CVE,DEGREE_CODE,SUBJECT_NAME,SUBJECT_DESCRIPTION,SUBJECT_SEMESTER,SUBJECT_TYPE,SUBJECT_CREDITS,LAST_UPDATE_DATE) values ('I7028','INCO','Seminario de solucion de problemas de traductores de lenguajes 2','?',6,'Regular',5,null);
Insert into ADMIN.SUBJECT (CVE,DEGREE_CODE,SUBJECT_NAME,SUBJECT_DESCRIPTION,SUBJECT_SEMESTER,SUBJECT_TYPE,SUBJECT_CREDITS,LAST_UPDATE_DATE) values ('I7033','INCO','Sistemas operativos de red','?',7,'Regular',8,null);
REM INSERTING into ADMIN.SUBJECT_COMMENTS
SET DEFINE OFF;
--------------------------------------------------------
--  DDL for Index PK_MODULAR_PROJECT_COMMENTS
--------------------------------------------------------

  CREATE UNIQUE INDEX "ADMIN"."PK_MODULAR_PROJECT_COMMENTS" ON "ADMIN"."MODULAR_PROJECT_COMMENTS" ("COMMENTARY_ID") 
  PCTFREE 10 INITRANS 20 MAXTRANS 255 
  TABLESPACE "DATA" ;
--------------------------------------------------------
--  DDL for Index PK_SOCIAL_SERVICE_COMMENTS
--------------------------------------------------------

  CREATE UNIQUE INDEX "ADMIN"."PK_SOCIAL_SERVICE_COMMENTS" ON "ADMIN"."SOCIAL_SERVICE_COMMENTS" ("COMMENTARY_ID") 
  PCTFREE 10 INITRANS 20 MAXTRANS 255 
  TABLESPACE "DATA" ;
--------------------------------------------------------
--  DDL for Index PK_STUDENT
--------------------------------------------------------

  CREATE UNIQUE INDEX "ADMIN"."PK_STUDENT" ON "ADMIN"."STUDENT" ("STUDENT_CODE") 
  PCTFREE 10 INITRANS 20 MAXTRANS 255 COMPUTE STATISTICS 
  STORAGE(INITIAL 65536 NEXT 1048576 MINEXTENTS 1 MAXEXTENTS 2147483645
  PCTINCREASE 0 FREELISTS 1 FREELIST GROUPS 1
  BUFFER_POOL DEFAULT FLASH_CACHE DEFAULT CELL_FLASH_CACHE DEFAULT)
  TABLESPACE "DATA" ;
--------------------------------------------------------
--  DDL for Index PK_MODULAR_PROJECT
--------------------------------------------------------

  CREATE UNIQUE INDEX "ADMIN"."PK_MODULAR_PROJECT" ON "ADMIN"."MODULAR_PROJECT" ("MODULAR_PROJECT_CODE") 
  PCTFREE 10 INITRANS 20 MAXTRANS 255 COMPUTE STATISTICS 
  STORAGE(INITIAL 65536 NEXT 1048576 MINEXTENTS 1 MAXEXTENTS 2147483645
  PCTINCREASE 0 FREELISTS 1 FREELIST GROUPS 1
  BUFFER_POOL DEFAULT FLASH_CACHE DEFAULT CELL_FLASH_CACHE DEFAULT)
  TABLESPACE "DATA" ;
--------------------------------------------------------
--  DDL for Index PK_SOCIAL_SERVICE
--------------------------------------------------------

  CREATE UNIQUE INDEX "ADMIN"."PK_SOCIAL_SERVICE" ON "ADMIN"."SOCIAL_SERVICE" ("SOCIAL_SERVICE_CODE") 
  PCTFREE 10 INITRANS 20 MAXTRANS 255 
  TABLESPACE "DATA" ;
--------------------------------------------------------
--  DDL for Index PK_DEGREE
--------------------------------------------------------

  CREATE UNIQUE INDEX "ADMIN"."PK_DEGREE" ON "ADMIN"."DEGREE" ("DEGREE_CODE") 
  PCTFREE 10 INITRANS 20 MAXTRANS 255 COMPUTE STATISTICS 
  STORAGE(INITIAL 65536 NEXT 1048576 MINEXTENTS 1 MAXEXTENTS 2147483645
  PCTINCREASE 0 FREELISTS 1 FREELIST GROUPS 1
  BUFFER_POOL DEFAULT FLASH_CACHE DEFAULT CELL_FLASH_CACHE DEFAULT)
  TABLESPACE "DATA" ;
--------------------------------------------------------
--  DDL for Index PK_ADMIN
--------------------------------------------------------

  CREATE UNIQUE INDEX "ADMIN"."PK_ADMIN" ON "ADMIN"."ADMIN" ("ADMIN_CODE") 
  PCTFREE 10 INITRANS 20 MAXTRANS 255 COMPUTE STATISTICS 
  STORAGE(INITIAL 65536 NEXT 1048576 MINEXTENTS 1 MAXEXTENTS 2147483645
  PCTINCREASE 0 FREELISTS 1 FREELIST GROUPS 1
  BUFFER_POOL DEFAULT FLASH_CACHE DEFAULT CELL_FLASH_CACHE DEFAULT)
  TABLESPACE "DATA" ;
--------------------------------------------------------
--  DDL for Index PK_SUBJECT_COMMENTS
--------------------------------------------------------

  CREATE UNIQUE INDEX "ADMIN"."PK_SUBJECT_COMMENTS" ON "ADMIN"."SUBJECT_COMMENTS" ("COMMENTARY_ID") 
  PCTFREE 10 INITRANS 20 MAXTRANS 255 
  TABLESPACE "DATA" ;
--------------------------------------------------------
--  DDL for Index PK_SUBJECT
--------------------------------------------------------

  CREATE UNIQUE INDEX "ADMIN"."PK_SUBJECT" ON "ADMIN"."SUBJECT" ("CVE", "DEGREE_CODE") 
  PCTFREE 10 INITRANS 20 MAXTRANS 255 COMPUTE STATISTICS 
  STORAGE(INITIAL 65536 NEXT 1048576 MINEXTENTS 1 MAXEXTENTS 2147483645
  PCTINCREASE 0 FREELISTS 1 FREELIST GROUPS 1
  BUFFER_POOL DEFAULT FLASH_CACHE DEFAULT CELL_FLASH_CACHE DEFAULT)
  TABLESPACE "DATA" ;
--------------------------------------------------------
--  DDL for Package CRYPTO_UTIL
--------------------------------------------------------

  CREATE OR REPLACE EDITIONABLE PACKAGE "ADMIN"."CRYPTO_UTIL" 
AS
    FUNCTION encrypt(plainTxt VARCHAR2) RETURN RAW DETERMINISTIC;
    FUNCTION decrypt(encryptedTxt RAW) RETURN VARCHAR2 DETERMINISTIC;
END;

/
--------------------------------------------------------
--  DDL for Package Body CRYPTO_UTIL
--------------------------------------------------------

  CREATE OR REPLACE EDITIONABLE PACKAGE BODY "ADMIN"."CRYPTO_UTIL" 
AS
    encryption_type PLS_INTEGER := DBMS_CRYPTO.ENCRYPT_AES256 
    + DBMS_CRYPTO.CHAIN_CBC 
    + DBMS_CRYPTO.PAD_PKCS5;
    encryption_key RAW(32) := UTL_RAW.CAST_TO_RAW('4BAECAA40CF9ECF3639E34586B9C9771');

    FUNCTION encrypt(plainTxt VARCHAR2) RETURN RAW DETERMINISTIC
    IS
        encrypted_raw RAW(2000);
    BEGIN
        encrypted_raw := DBMS_CRYPTO.ENCRYPT
        (
            src => UTL_RAW.CAST_TO_RAW(plainTxt),
            typ => encryption_type,
            key => encryption_key
        );
        RETURN encrypted_raw;
    END encrypt;

    FUNCTION decrypt(encryptedTxt RAW) RETURN VARCHAR2 DETERMINISTIC
     IS
        decrypted_raw RAW (2000);
     BEGIN
        decrypted_raw := DBMS_CRYPTO.DECRYPT
        (
            src => encryptedTxt,
            typ => encryption_type,
            key => encryption_key
        );
        RETURN (UTL_RAW.CAST_TO_VARCHAR2(decrypted_raw));
     END decrypt;
END;

/
--------------------------------------------------------
--  Constraints for Table SUBJECT
--------------------------------------------------------

  ALTER TABLE "ADMIN"."SUBJECT" ADD CONSTRAINT "PK_SUBJECT" PRIMARY KEY ("CVE", "DEGREE_CODE")
  USING INDEX PCTFREE 10 INITRANS 20 MAXTRANS 255 COMPUTE STATISTICS 
  STORAGE(INITIAL 65536 NEXT 1048576 MINEXTENTS 1 MAXEXTENTS 2147483645
  PCTINCREASE 0 FREELISTS 1 FREELIST GROUPS 1
  BUFFER_POOL DEFAULT FLASH_CACHE DEFAULT CELL_FLASH_CACHE DEFAULT)
  TABLESPACE "DATA"  ENABLE;
--------------------------------------------------------
--  Constraints for Table SUBJECT_COMMENTS
--------------------------------------------------------

  ALTER TABLE "ADMIN"."SUBJECT_COMMENTS" ADD CONSTRAINT "PK_SUBJECT_COMMENTS" PRIMARY KEY ("COMMENTARY_ID")
  USING INDEX PCTFREE 10 INITRANS 20 MAXTRANS 255 
  TABLESPACE "DATA"  ENABLE;
--------------------------------------------------------
--  Constraints for Table SOCIAL_SERVICE_COMMENTS
--------------------------------------------------------

  ALTER TABLE "ADMIN"."SOCIAL_SERVICE_COMMENTS" ADD CONSTRAINT "PK_SOCIAL_SERVICE_COMMENTS" PRIMARY KEY ("COMMENTARY_ID")
  USING INDEX PCTFREE 10 INITRANS 20 MAXTRANS 255 
  TABLESPACE "DATA"  ENABLE;
--------------------------------------------------------
--  Constraints for Table ADMIN
--------------------------------------------------------

  ALTER TABLE "ADMIN"."ADMIN" ADD CONSTRAINT "PK_ADMIN" PRIMARY KEY ("ADMIN_CODE")
  USING INDEX PCTFREE 10 INITRANS 20 MAXTRANS 255 COMPUTE STATISTICS 
  STORAGE(INITIAL 65536 NEXT 1048576 MINEXTENTS 1 MAXEXTENTS 2147483645
  PCTINCREASE 0 FREELISTS 1 FREELIST GROUPS 1
  BUFFER_POOL DEFAULT FLASH_CACHE DEFAULT CELL_FLASH_CACHE DEFAULT)
  TABLESPACE "DATA"  ENABLE;
--------------------------------------------------------
--  Constraints for Table MODULAR_PROJECT
--------------------------------------------------------

  ALTER TABLE "ADMIN"."MODULAR_PROJECT" ADD CONSTRAINT "PK_MODULAR_PROJECT" PRIMARY KEY ("MODULAR_PROJECT_CODE")
  USING INDEX PCTFREE 10 INITRANS 20 MAXTRANS 255 COMPUTE STATISTICS 
  STORAGE(INITIAL 65536 NEXT 1048576 MINEXTENTS 1 MAXEXTENTS 2147483645
  PCTINCREASE 0 FREELISTS 1 FREELIST GROUPS 1
  BUFFER_POOL DEFAULT FLASH_CACHE DEFAULT CELL_FLASH_CACHE DEFAULT)
  TABLESPACE "DATA"  ENABLE;
--------------------------------------------------------
--  Constraints for Table MODULAR_PROJECT_COMMENTS
--------------------------------------------------------

  ALTER TABLE "ADMIN"."MODULAR_PROJECT_COMMENTS" ADD CONSTRAINT "PK_MODULAR_PROJECT_COMMENTS" PRIMARY KEY ("COMMENTARY_ID")
  USING INDEX PCTFREE 10 INITRANS 20 MAXTRANS 255 
  TABLESPACE "DATA"  ENABLE;
--------------------------------------------------------
--  Constraints for Table DEGREE
--------------------------------------------------------

  ALTER TABLE "ADMIN"."DEGREE" ADD CONSTRAINT "PK_DEGREE" PRIMARY KEY ("DEGREE_CODE")
  USING INDEX PCTFREE 10 INITRANS 20 MAXTRANS 255 COMPUTE STATISTICS 
  STORAGE(INITIAL 65536 NEXT 1048576 MINEXTENTS 1 MAXEXTENTS 2147483645
  PCTINCREASE 0 FREELISTS 1 FREELIST GROUPS 1
  BUFFER_POOL DEFAULT FLASH_CACHE DEFAULT CELL_FLASH_CACHE DEFAULT)
  TABLESPACE "DATA"  ENABLE;
--------------------------------------------------------
--  Constraints for Table SOCIAL_SERVICE
--------------------------------------------------------

  ALTER TABLE "ADMIN"."SOCIAL_SERVICE" ADD CONSTRAINT "PK_SOCIAL_SERVICE" PRIMARY KEY ("SOCIAL_SERVICE_CODE")
  USING INDEX PCTFREE 10 INITRANS 20 MAXTRANS 255 
  TABLESPACE "DATA"  ENABLE;
--------------------------------------------------------
--  Constraints for Table STUDENT
--------------------------------------------------------

  ALTER TABLE "ADMIN"."STUDENT" ADD CONSTRAINT "PK_STUDENT" PRIMARY KEY ("STUDENT_CODE")
  USING INDEX PCTFREE 10 INITRANS 20 MAXTRANS 255 COMPUTE STATISTICS 
  STORAGE(INITIAL 65536 NEXT 1048576 MINEXTENTS 1 MAXEXTENTS 2147483645
  PCTINCREASE 0 FREELISTS 1 FREELIST GROUPS 1
  BUFFER_POOL DEFAULT FLASH_CACHE DEFAULT CELL_FLASH_CACHE DEFAULT)
  TABLESPACE "DATA"  ENABLE;
--------------------------------------------------------
--  Ref Constraints for Table MODULAR_PROJECT
--------------------------------------------------------

  ALTER TABLE "ADMIN"."MODULAR_PROJECT" ADD CONSTRAINT "FK_MODULAR_DEGREE" FOREIGN KEY ("DEGREE_CODE")
	  REFERENCES "ADMIN"."DEGREE" ("DEGREE_CODE") ENABLE;
--------------------------------------------------------
--  Ref Constraints for Table MODULAR_PROJECT_COMMENTS
--------------------------------------------------------

  ALTER TABLE "ADMIN"."MODULAR_PROJECT_COMMENTS" ADD CONSTRAINT "FK_MODULAR_COMMENTS_STUDENT" FOREIGN KEY ("STUDENT_CODE")
	  REFERENCES "ADMIN"."STUDENT" ("STUDENT_CODE") ENABLE;
  ALTER TABLE "ADMIN"."MODULAR_PROJECT_COMMENTS" ADD CONSTRAINT "FK_MODULAR_COMMENTS_MODULAR" FOREIGN KEY ("MODULAR_PROJECT_CODE")
	  REFERENCES "ADMIN"."MODULAR_PROJECT" ("MODULAR_PROJECT_CODE") ENABLE;
--------------------------------------------------------
--  Ref Constraints for Table SOCIAL_SERVICE_COMMENTS
--------------------------------------------------------

  ALTER TABLE "ADMIN"."SOCIAL_SERVICE_COMMENTS" ADD CONSTRAINT "FK_SERVICE_COMMENTS_STUDENT" FOREIGN KEY ("STUDENT_CODE")
	  REFERENCES "ADMIN"."STUDENT" ("STUDENT_CODE") ENABLE;
--------------------------------------------------------
--  Ref Constraints for Table STUDENT
--------------------------------------------------------

  ALTER TABLE "ADMIN"."STUDENT" ADD CONSTRAINT "FK_STUDENT_DEGREE" FOREIGN KEY ("DEGREE_CODE")
	  REFERENCES "ADMIN"."DEGREE" ("DEGREE_CODE") ENABLE;
--------------------------------------------------------
--  Ref Constraints for Table SUBJECT
--------------------------------------------------------

  ALTER TABLE "ADMIN"."SUBJECT" ADD CONSTRAINT "FK_SUBJECT_DEGREE" FOREIGN KEY ("DEGREE_CODE")
	  REFERENCES "ADMIN"."DEGREE" ("DEGREE_CODE") ENABLE;
--------------------------------------------------------
--  Ref Constraints for Table SUBJECT_COMMENTS
--------------------------------------------------------

  ALTER TABLE "ADMIN"."SUBJECT_COMMENTS" ADD CONSTRAINT "FK_SUBJECT_COMMENTS_STUDENT" FOREIGN KEY ("STUDENT_CODE")
	  REFERENCES "ADMIN"."STUDENT" ("STUDENT_CODE") ENABLE;
